month,temp,beer
1,7,59.415000915527344
2,6.5,81.3489990234375
3,9.100000381469727,109.65399932861328
4,12.399999618530273,123.6729965209961
5,19,109.57599639892578
6,23.600000381469727,156.6009979248047
7,28,160.5
8,29.600000381469727,148.63099670410156
9,25.100000381469727,115.96800231933594
10,18.899999618530273,105.96800231933594
11,13.5,120.19000244140625
12,9.899999618530273,185.3159942626953
